record_number,Condition,split
1,Moderate,train
2,Critical,train
3,Critical,test
4,Critical,train
5,Critical,train
6,Critical,train
7,Critical,train
8,Moderate,train
9,Moderate,train
10,Normal,train
11,Critical,train
12,Critical,train
13,Normal,train
14,Critical,train
15,Critical,train
16,Critical,train
17,Normal,train
18,Normal,train
19,Moderate,test
20,Moderate,train
21,Critical,train
22,Critical,train
23,Normal,train
24,Moderate,train
25,Critical,test
26,Normal,test
27,Normal,train
28,Critical,train
29,Normal,train
30,Moderate,train
31,Moderate,train
32,Normal,train
33,Critical,train
34,Critical,train
35,Critical,train
36,Critical,train
37,Moderate,train
38,Normal,train
39,Critical,train
40,Moderate,train
41,Moderate,train
42,Critical,test
43,Normal,train
44,Normal,train
45,Normal,train
46,Critical,test
47,Critical,train
48,Normal,train
49,Normal,train
50,Critical,train
51,Critical,train
52,Critical,train
53,Normal,train
54,Normal,test
55,Moderate,test
56,Normal,train
57,Critical,train
58,Moderate,train
59,Normal,train
60,Critical,train
61,Critical,train
62,Normal,train
63,Moderate,train
64,Moderate,train
65,Normal,train
66,Critical,train
67,Moderate,test
68,Normal,train
69,Critical,train
70,Critical,train
71,Normal,train
72,Critical,train
73,Moderate,train
74,Critical,train
75,Moderate,train
76,Critical,test
77,Normal,train
78,Normal,train
79,Normal,train
80,Moderate,train
81,Critical,train
82,Moderate,train
83,Critical,train
84,Normal,train
85,Normal,train
86,Critical,train
87,Critical,train
88,Critical,train
89,Critical,train
90,Moderate,train
91,Critical,train
92,Critical,train
93,Moderate,train
94,Critical,test
95,Critical,train
96,Critical,train
97,Critical,train
98,Critical,train
99,Critical,test
100,Critical,test
101,Moderate,train
102,Critical,test
103,Moderate,train
104,Normal,test
105,Normal,test
106,Critical,train
107,Critical,test
108,Moderate,train
109,Critical,test
110,Normal,train
111,Moderate,train
112,Moderate,train
113,Critical,test
114,Critical,train
115,Critical,train
116,Moderate,train
117,Moderate,train
118,Critical,train
119,Critical,test
120,Critical,train
121,Critical,train
122,Moderate,train
123,Critical,train
124,Critical,train
125,Critical,train
126,Critical,train
127,Normal,train
128,Moderate,train
129,Critical,train
130,Critical,train
131,Moderate,train
132,Critical,train
133,Normal,train
134,Moderate,test
135,Normal,test
136,Critical,train
137,Critical,train
138,Critical,train
139,Critical,test
140,Critical,train
141,Critical,train
142,Moderate,train
143,Critical,train
144,Moderate,test
145,Critical,train
146,Critical,train
147,Moderate,test
148,Normal,train
149,Moderate,train
150,Normal,train
151,Moderate,train
152,Critical,train
153,Critical,train
154,Critical,train
155,Normal,train
156,Normal,test
157,Normal,train
158,Moderate,train
159,Moderate,train
160,Moderate,train
161,Moderate,train
162,Normal,train
163,Critical,test
164,Critical,train
165,Critical,train
166,Critical,train
167,Moderate,test
168,Critical,train
169,Critical,train
170,Normal,train
171,Normal,train
172,Critical,train
173,Critical,test
174,Moderate,test
175,Normal,test
176,Normal,train
177,Critical,test
178,Normal,train
179,Critical,train
180,Critical,train
181,Moderate,train
182,Critical,test
183,Critical,train
184,Critical,train
185,Normal,train
186,Moderate,train
187,Critical,train
188,Moderate,train
189,Normal,train
190,Normal,train
191,Critical,train
192,Critical,train
193,Critical,train
194,Moderate,train
195,Normal,train
196,Normal,test
197,Normal,test
198,Moderate,train
199,Critical,train
200,Critical,test
201,Critical,train
202,Critical,train
203,Critical,test
204,Critical,train
205,Critical,train
206,Critical,test
207,Critical,test
208,Moderate,train
209,Normal,test
210,Normal,test
211,Critical,train
212,Critical,train
213,Critical,train
214,Moderate,train
215,Moderate,train
216,Moderate,train
217,Normal,train
218,Critical,train
219,Critical,train
220,Moderate,train
221,Normal,train
222,Critical,train
223,Critical,train
224,Critical,train
225,Moderate,train
226,Critical,train
227,Critical,train
228,Critical,train
229,Critical,train
230,Moderate,train
231,Moderate,train
232,Critical,train
233,Normal,train
234,Critical,train
235,Critical,test
236,Critical,train
237,Moderate,train
238,Critical,train
239,Moderate,train
240,Critical,train
241,Critical,train
242,Critical,train
243,Critical,train
244,Critical,train
245,Moderate,train
246,Moderate,train
247,Critical,train
248,Critical,test
249,Critical,train
250,Normal,train
251,Critical,train
252,Moderate,train
253,Moderate,train
254,Normal,train
255,Critical,train
256,Normal,train
257,Critical,test
258,Normal,train
259,Critical,train
260,Critical,train
261,Moderate,train
262,Critical,train
263,Moderate,test
264,Critical,train
265,Critical,train
266,Normal,train
267,Critical,train
268,Critical,train
269,Normal,train
270,Critical,train
271,Moderate,train
272,Critical,train
273,Critical,train
274,Critical,train
275,Critical,train
276,Normal,train
277,Critical,train
278,Moderate,train
279,Critical,train
280,Critical,test
281,Critical,train
282,Critical,test
283,Normal,train
284,Moderate,train
285,Critical,train
286,Moderate,train
287,Moderate,train
288,Normal,train
289,Moderate,train
290,Critical,train
291,Critical,train
292,Critical,train
293,Normal,test
294,Moderate,train
295,Critical,train
296,Critical,train
297,Critical,train
298,Critical,train
299,Critical,test
300,Moderate,train
301,Moderate,train
302,Critical,test
303,Moderate,test
304,Critical,train
305,Critical,train
306,Critical,train
307,Moderate,train
308,Moderate,train
309,Critical,train
310,Moderate,train
311,Moderate,train
312,Critical,test
313,Normal,train
314,Normal,train
315,Moderate,train
316,Moderate,train
317,Critical,train
318,Critical,train
319,Moderate,train
320,Normal,test
321,Moderate,train
322,Normal,train
323,Moderate,train
324,Moderate,train
325,Critical,test
326,Moderate,train
327,Normal,train
328,Critical,train
329,Critical,train
330,Critical,train
331,Moderate,train
332,Critical,train
333,Normal,train
334,Moderate,train
335,Moderate,train
336,Critical,test
337,Critical,train
338,Moderate,test
339,Moderate,train
340,Moderate,train
341,Moderate,test
342,Critical,train
343,Moderate,train
344,Critical,train
345,Moderate,test
346,Critical,train
347,Critical,train
348,Moderate,test
349,Critical,train
350,Moderate,train
351,Critical,train
352,Normal,train
353,Normal,test
354,Normal,test
355,Critical,train
356,Critical,train
357,Normal,train
358,Normal,train
359,Moderate,train
360,Critical,train
361,Critical,train
362,Critical,train
363,Critical,test
364,Critical,test
365,Critical,test
366,Normal,train
367,Critical,test
368,Critical,test
369,Normal,test
370,Normal,train
371,Moderate,test
372,Normal,test
373,Critical,train
374,Normal,test
375,Critical,train
376,Critical,train
377,Normal,train
378,Moderate,test
379,Moderate,test
380,Moderate,train
381,Critical,train
382,Critical,train
383,Normal,test
384,Critical,train
385,Moderate,train
386,Normal,test
387,Critical,train
388,Moderate,train
389,Critical,train
390,Critical,train
391,Normal,train
392,Moderate,test
393,Normal,train
394,Critical,test
395,Critical,train
396,Moderate,train
397,Moderate,train
398,Critical,train
399,Critical,train
400,Critical,test
401,Critical,train
402,Moderate,train
403,Moderate,train
404,Critical,test
405,Moderate,train
406,Critical,train
407,Moderate,train
408,Normal,train
409,Moderate,train
410,Normal,train
411,Critical,train
412,Moderate,train
413,Critical,train
414,Normal,train
415,Normal,test
416,Moderate,test
417,Normal,train
418,Critical,train
419,Moderate,test
420,Critical,test
421,Critical,train
422,Moderate,train
423,Critical,test
424,Critical,train
425,Normal,train
426,Moderate,train
427,Critical,train
428,Normal,train
429,Moderate,train
430,Normal,train
431,Moderate,train
432,Critical,test
433,Moderate,train
434,Critical,train
435,Critical,train
436,Critical,train
437,Normal,train
438,Moderate,train
439,Normal,train
440,Critical,train
441,Critical,train
442,Critical,train
443,Normal,test
444,Critical,train
445,Normal,train
446,Critical,train
447,Critical,train
448,Critical,train
449,Moderate,train
450,Moderate,train
451,Critical,train
452,Critical,train
453,Critical,train
454,Normal,train
455,Critical,train
456,Critical,train
457,Critical,train
458,Moderate,train
459,Critical,train
460,Critical,test
461,Normal,train
462,Critical,test
463,Critical,train
464,Critical,train
465,Moderate,train
466,Normal,train
467,Moderate,train
468,Moderate,train
469,Moderate,train
470,Moderate,train
471,Critical,train
472,Critical,train
473,Critical,test
474,Critical,train
475,Normal,test
476,Critical,test
477,Moderate,train
478,Moderate,train
479,Critical,train
480,Moderate,train
481,Normal,train
482,Critical,train
483,Moderate,train
484,Critical,train
485,Critical,train
486,Moderate,train
487,Moderate,train
488,Critical,train
489,Moderate,train
490,Moderate,train
491,Critical,train
492,Critical,train
493,Moderate,test
494,Moderate,train
495,Critical,test
496,Critical,test
497,Moderate,train
498,Critical,train
499,Moderate,train
500,Critical,train
501,Moderate,train
502,Critical,train
503,Normal,train
504,Critical,train
505,Moderate,train
506,Critical,test
507,Moderate,train
508,Critical,train
509,Moderate,train
510,Moderate,train
511,Moderate,test
512,Moderate,train
513,Normal,test
514,Moderate,train
515,Critical,test
516,Critical,train
517,Moderate,train
518,Critical,train
519,Critical,train
520,Critical,test
521,Moderate,test
522,Moderate,test
523,Critical,test
524,Critical,train
525,Moderate,train
526,Normal,train
527,Moderate,train
528,Critical,train
529,Critical,train
530,Critical,train
531,Moderate,train
532,Critical,test
533,Critical,test
534,Critical,train
535,Critical,train
536,Moderate,train
537,Critical,test
538,Critical,train
539,Critical,train
540,Normal,train
541,Critical,test
542,Moderate,train
543,Normal,train
544,Critical,train
545,Normal,train
546,Critical,train
547,Moderate,train
548,Moderate,train
549,Critical,train
550,Critical,train
551,Normal,test
552,Moderate,test
553,Critical,train
554,Critical,train
555,Moderate,train
556,Normal,train
557,Critical,train
558,Critical,train
559,Normal,train
560,Moderate,train
561,Normal,train
562,Critical,train
563,Normal,test
564,Normal,train
565,Critical,train
566,Critical,train
567,Moderate,test
568,Critical,train
569,Moderate,test
570,Normal,train
571,Normal,train
572,Normal,train
573,Critical,train
574,Normal,train
575,Critical,train
576,Critical,train
577,Normal,train
578,Moderate,train
579,Normal,train
580,Critical,train
581,Moderate,train
582,Normal,train
583,Critical,test
584,Critical,train
585,Normal,train
586,Moderate,train
587,Normal,train
588,Moderate,test
589,Critical,test
590,Critical,train
591,Critical,train
592,Critical,train
593,Critical,train
594,Normal,test
595,Moderate,train
596,Moderate,train
597,Normal,train
598,Critical,train
599,Critical,train
600,Critical,train
601,Moderate,train
602,Normal,train
603,Critical,test
604,Moderate,train
605,Normal,train
606,Moderate,train
607,Critical,train
608,Normal,train
609,Normal,train
610,Critical,train
611,Moderate,train
612,Critical,test
613,Moderate,train
614,Critical,train
615,Critical,test
616,Moderate,train
617,Critical,test
618,Critical,train
619,Moderate,test
620,Critical,train
621,Critical,train
622,Critical,test
623,Critical,train
624,Normal,test
625,Moderate,test
626,Moderate,test
627,Moderate,test
628,Critical,test
629,Critical,train
630,Moderate,train
631,Normal,test
632,Moderate,train
633,Critical,train
634,Normal,train
635,Critical,train
636,Moderate,train
637,Normal,train
638,Normal,train
639,Critical,test
640,Moderate,train
641,Critical,train
642,Moderate,train
643,Moderate,train
644,Moderate,train
645,Normal,train
646,Critical,train
647,Normal,test
648,Normal,train
649,Critical,train
650,Normal,train
651,Critical,train
652,Moderate,train
653,Moderate,train
654,Moderate,train
655,Critical,train
656,Moderate,train
657,Moderate,test
658,Moderate,train
659,Critical,train
660,Normal,train
661,Normal,test
662,Critical,train
663,Moderate,train
664,Critical,train
665,Critical,test
666,Moderate,train
667,Normal,train
668,Moderate,test
669,Moderate,train
670,Critical,train
671,Critical,test
672,Critical,train
673,Critical,train
674,Moderate,train
675,Critical,train
676,Normal,train
677,Moderate,train
678,Moderate,train
679,Moderate,test
680,Critical,train
681,Critical,train
682,Critical,train
683,Critical,train
684,Critical,train
685,Moderate,train
686,Normal,test
687,Moderate,train
688,Normal,train
689,Critical,test
690,Normal,train
691,Critical,train
692,Normal,train
693,Critical,train
694,Normal,train
695,Critical,train
696,Moderate,train
697,Critical,test
698,Normal,train
699,Normal,test
700,Critical,test
701,Normal,train
702,Critical,test
703,Critical,train
704,Moderate,train
705,Critical,train
706,Normal,train
707,Critical,test
708,Critical,train
709,Critical,test
710,Critical,train
711,Moderate,train
712,Normal,train
713,Normal,train
714,Normal,train
715,Critical,train
716,Moderate,train
717,Moderate,train
718,Critical,train
719,Moderate,train
720,Critical,train
721,Normal,train
722,Moderate,test
723,Critical,train
724,Moderate,train
725,Critical,train
726,Critical,train
727,Moderate,train
728,Moderate,train
729,Critical,train
730,Critical,test
731,Critical,train
732,Critical,train
733,Moderate,train
734,Critical,train
735,Moderate,test
736,Critical,test
737,Critical,train
738,Moderate,train
739,Moderate,test
740,Normal,train
741,Critical,train
742,Moderate,train
743,Critical,test
744,Normal,train
745,Critical,train
746,Moderate,train
747,Critical,train
748,Moderate,train
749,Critical,train
750,Critical,train
751,Critical,train
752,Normal,train
753,Moderate,train
754,Normal,train
755,Critical,test
756,Critical,train
757,Normal,train
758,Normal,train
759,Normal,train
760,Critical,train
761,Normal,train
762,Normal,test
763,Normal,train
764,Moderate,train
765,Normal,train
766,Moderate,test
767,Normal,train
768,Moderate,train
769,Critical,train
770,Moderate,train
771,Moderate,train
772,Critical,train
773,Moderate,test
774,Critical,train
775,Moderate,train
776,Critical,train
777,Critical,train
778,Critical,train
779,Moderate,train
780,Moderate,train
781,Critical,train
782,Critical,train
783,Moderate,test
784,Moderate,train
785,Moderate,train
786,Moderate,train
787,Normal,train
788,Moderate,train
789,Moderate,train
790,Critical,train
791,Moderate,train
792,Critical,train
793,Critical,test
794,Critical,train
795,Moderate,train
796,Critical,test
797,Normal,train
798,Moderate,train
799,Critical,train
800,Critical,test
801,Normal,train
802,Critical,train
803,Normal,train
804,Normal,train
805,Moderate,test
806,Critical,train
807,Moderate,test
808,Critical,train
809,Moderate,test
810,Moderate,train
811,Moderate,train
812,Critical,train
813,Critical,train
814,Critical,train
815,Critical,train
816,Normal,train
817,Critical,train
818,Moderate,train
819,Critical,train
820,Critical,train
821,Critical,train
822,Critical,test
823,Critical,train
824,Normal,train
825,Moderate,test
826,Critical,train
827,Normal,train
828,Moderate,test
829,Moderate,train
830,Critical,train
831,Moderate,test
832,Critical,train
833,Critical,train
834,Critical,train
835,Critical,train
836,Critical,train
837,Critical,train
838,Moderate,test
839,Moderate,train
840,Normal,train
841,Critical,train
842,Critical,train
843,Critical,test
844,Moderate,test
845,Normal,test
846,Moderate,test
847,Critical,train
848,Moderate,train
849,Normal,train
850,Critical,train
851,Critical,train
852,Critical,train
853,Critical,train
854,Moderate,train
855,Critical,train
856,Normal,train
857,Moderate,train
858,Critical,train
859,Critical,train
860,Critical,train
861,Moderate,test
862,Moderate,test
863,Normal,train
864,Moderate,train
865,Normal,train
866,Normal,test
867,Critical,train
868,Normal,train
869,Critical,train
870,Moderate,train
871,Moderate,train
872,Critical,train
873,Critical,train
874,Normal,train
875,Normal,train
876,Normal,train
877,Critical,train
878,Moderate,train
879,Normal,train
880,Moderate,train
881,Normal,train
882,Moderate,test
883,Moderate,train
884,Critical,train
885,Normal,test
886,Normal,test
887,Critical,train
888,Critical,train
889,Critical,test
890,Critical,train
891,Normal,train
892,Critical,train
893,Critical,train
894,Moderate,train
895,Moderate,test
896,Critical,test
897,Moderate,test
898,Moderate,train
899,Moderate,train
900,Critical,train
901,Normal,train
902,Moderate,train
903,Normal,train
904,Moderate,train
905,Normal,train
906,Critical,train
907,Critical,train
908,Critical,train
909,Critical,train
910,Normal,train
911,Critical,train
912,Critical,train
913,Normal,train
914,Moderate,train
915,Critical,test
916,Critical,train
917,Moderate,train
918,Critical,test
919,Critical,test
920,Moderate,train
921,Moderate,train
922,Moderate,train
923,Critical,train
924,Critical,train
925,Normal,test
926,Moderate,train
927,Critical,train
928,Critical,train
929,Moderate,test
930,Critical,train
931,Moderate,test
932,Critical,train
933,Normal,test
934,Critical,train
935,Normal,train
936,Critical,train
937,Moderate,train
938,Moderate,train
939,Normal,train
940,Moderate,train
941,Normal,train
942,Critical,train
943,Moderate,test
944,Normal,train
945,Critical,train
946,Critical,train
947,Moderate,train
948,Critical,test
949,Critical,train
950,Critical,test
951,Critical,train
952,Critical,train
953,Normal,train
954,Critical,train
955,Critical,train
956,Moderate,train
957,Critical,train
958,Moderate,train
959,Normal,test
960,Critical,test
961,Critical,test
962,Moderate,train
963,Critical,train
964,Critical,test
965,Moderate,train
966,Critical,train
967,Moderate,test
968,Critical,train
969,Critical,train
970,Normal,test
971,Moderate,train
972,Normal,test
973,Moderate,test
974,Critical,train
975,Critical,train
976,Normal,train
977,Normal,train
978,Moderate,train
979,Critical,test
980,Critical,train
981,Critical,train
982,Critical,train
983,Moderate,train
984,Critical,test
985,Moderate,train
986,Moderate,train
987,Critical,train
988,Critical,train
989,Normal,train
990,Critical,train
991,Moderate,train
992,Critical,test
993,Normal,train
994,Normal,train
995,Moderate,train
996,Critical,train
997,Normal,train
998,Critical,train
999,Critical,test
1000,Moderate,train
